{
  "accuracy": 0.9320481419563293,
  "loss": 27890.427734375,
  "val_accuracy": 0.9320811033248901,
  "val_loss": 0.2481798678636551,
  "epoch": 2,
  "global_step": 42627
}