{
  "accuracy": 0.9181102514266968,
  "loss": 171505.578125,
  "val_accuracy": 0.9320811033248901,
  "val_loss": 52.199527740478516,
  "epoch": 2,
  "global_step": 42627
}