{
  "accuracy": 0.9361742734909058,
  "loss": 7.21474027633667,
  "val_accuracy": 0.9509259462356567,
  "val_loss": 1.1446170806884766,
  "epoch": 0,
  "global_step": 14209
}