{
  "accuracy": 0.9320833086967468,
  "loss": 0.24821235239505768,
  "val_accuracy": 0.9320811033248901,
  "val_loss": 0.24819722771644592,
  "epoch": 4,
  "global_step": 71045
}